id_left,id_right
cl_0,uc_0
cl_1,uc_1
cl_2,uc_2
cl_3,uc_3
cl_4,uc_4
cl_5,uc_5
cl_6,uc_6
cl_7,uc_7
cl_8,uc_8
cl_9,uc_9
cl_10,uc_10
cl_11,uc_11
cl_12,uc_12
cl_13,uc_13
cl_14,uc_14
cl_15,uc_15
cl_16,uc_16
cl_17,uc_17
cl_18,uc_18
cl_19,uc_19
cl_20,uc_20
cl_21,uc_21
cl_22,uc_22
cl_23,uc_23
cl_24,uc_24
cl_25,uc_25
cl_26,uc_26
cl_27,uc_27
cl_28,uc_28
cl_29,uc_29
cl_30,uc_30
cl_31,uc_31
cl_32,uc_32
cl_33,uc_33
cl_34,uc_34
cl_35,uc_35
cl_36,uc_36
cl_37,uc_37
cl_38,uc_38
cl_39,uc_39
cl_40,uc_40
cl_41,uc_41
cl_42,uc_42
cl_43,uc_43
cl_44,uc_44
cl_45,uc_45
cl_46,uc_46
cl_47,uc_47
cl_48,uc_48
cl_49,uc_49
cl_50,uc_50
cl_51,uc_51
cl_52,uc_52
cl_53,uc_53
cl_54,uc_54
cl_55,uc_55
cl_56,uc_56
cl_57,uc_57
cl_58,uc_58
cl_59,uc_59
cl_60,uc_60
cl_61,uc_61
cl_62,uc_62
cl_63,uc_63
cl_64,uc_64
cl_65,uc_65
cl_66,uc_66
cl_67,uc_67
cl_68,uc_68
cl_69,uc_69
cl_70,uc_70
cl_71,uc_71
cl_72,uc_72
cl_73,uc_73
cl_74,uc_74
cl_75,uc_75
cl_76,uc_76
cl_77,uc_77
cl_78,uc_78
cl_79,uc_79
cl_80,uc_80
cl_81,uc_81
cl_82,uc_82
cl_83,uc_83
cl_84,uc_84
cl_85,uc_85
cl_86,uc_86
cl_87,uc_87
cl_88,uc_88
cl_89,uc_89
cl_90,uc_90
cl_91,uc_91
cl_92,uc_92
cl_93,uc_93
cl_94,uc_94
cl_95,uc_95
cl_96,uc_96
cl_97,uc_97
cl_98,uc_98
cl_99,uc_99
cl_100,uc_100
cl_101,uc_101
cl_102,uc_102
cl_103,uc_103
cl_104,uc_104
cl_105,uc_105
cl_106,uc_106
cl_107,uc_107
cl_108,uc_108
cl_109,uc_109
cl_110,uc_110
cl_111,uc_111
cl_112,uc_112
cl_113,uc_113
cl_114,uc_114
cl_115,uc_115
cl_116,uc_116
cl_117,uc_117
cl_118,uc_118
cl_119,uc_119
cl_120,uc_120
cl_121,uc_121
cl_122,uc_122
cl_123,uc_123
cl_124,uc_124
cl_125,uc_125
cl_126,uc_126
cl_127,uc_127
cl_128,uc_128
cl_129,uc_129
cl_130,uc_130
cl_131,uc_131
cl_132,uc_132
cl_133,uc_133
cl_134,uc_134
cl_135,uc_135
cl_136,uc_136
cl_137,uc_137
cl_138,uc_138
cl_139,uc_139
cl_140,uc_140
cl_141,uc_141
cl_142,uc_142
cl_143,uc_143
cl_144,uc_144
cl_145,uc_145
cl_146,uc_146
cl_147,uc_147
cl_148,uc_148
cl_149,uc_149
cl_150,uc_150
cl_151,uc_151
cl_152,uc_152
cl_153,uc_153
cl_154,uc_154
cl_155,uc_155
cl_156,uc_156
cl_157,uc_157
cl_158,uc_158
cl_159,uc_159
cl_160,uc_160
cl_161,uc_161
cl_162,uc_162
cl_163,uc_163
cl_164,uc_164
cl_165,uc_165
cl_166,uc_166
cl_167,uc_167
cl_168,uc_168
cl_169,uc_169
cl_170,uc_170
cl_171,uc_171
cl_172,uc_172
cl_173,uc_173
cl_174,uc_174
cl_175,uc_175
cl_176,uc_176
cl_177,uc_177
cl_178,uc_178
cl_179,uc_179
cl_180,uc_180
cl_181,uc_181
cl_182,uc_182
cl_183,uc_183
cl_184,uc_184
cl_185,uc_185
cl_186,uc_186
cl_187,uc_187
cl_188,uc_188
cl_189,uc_189
cl_190,uc_190
cl_191,uc_191
cl_192,uc_192
cl_193,uc_193
cl_194,uc_194
cl_195,uc_195
cl_196,uc_196
cl_197,uc_197
cl_198,uc_198
cl_199,uc_199
cl_0,eb_0
cl_1,eb_1
cl_2,eb_2
cl_3,eb_3
cl_4,eb_4
cl_5,eb_5
cl_6,eb_6
cl_7,eb_7
cl_8,eb_8
cl_9,eb_9
cl_10,eb_10
cl_11,eb_11
cl_12,eb_12
cl_13,eb_13
cl_14,eb_14
cl_15,eb_15
cl_16,eb_16
cl_17,eb_17
cl_18,eb_18
cl_19,eb_19
cl_20,eb_20
cl_21,eb_21
cl_22,eb_22
cl_23,eb_23
cl_24,eb_24
cl_25,eb_25
cl_26,eb_26
cl_27,eb_27
cl_28,eb_28
cl_29,eb_29
cl_30,eb_30
cl_31,eb_31
cl_32,eb_32
cl_33,eb_33
cl_34,eb_34
cl_35,eb_35
cl_36,eb_36
cl_37,eb_37
cl_38,eb_38
cl_39,eb_39
cl_40,eb_40
cl_41,eb_41
cl_42,eb_42
cl_43,eb_43
cl_44,eb_44
cl_45,eb_45
cl_46,eb_46
cl_47,eb_47
cl_48,eb_48
cl_49,eb_49
cl_50,eb_50
cl_51,eb_51
cl_52,eb_52
cl_53,eb_53
cl_54,eb_54
cl_55,eb_55
cl_56,eb_56
cl_57,eb_57
cl_58,eb_58
cl_59,eb_59
cl_60,eb_60
cl_61,eb_61
cl_62,eb_62
cl_63,eb_63
cl_64,eb_64
cl_65,eb_65
cl_66,eb_66
cl_67,eb_67
cl_68,eb_68
cl_69,eb_69
cl_70,eb_70
cl_71,eb_71
cl_72,eb_72
cl_73,eb_73
cl_74,eb_74
cl_75,eb_75
cl_76,eb_76
cl_77,eb_77
cl_78,eb_78
cl_79,eb_79
cl_80,eb_80
cl_81,eb_81
cl_82,eb_82
cl_83,eb_83
cl_84,eb_84
cl_85,eb_85
cl_86,eb_86
cl_87,eb_87
cl_88,eb_88
cl_89,eb_89
cl_90,eb_90
cl_91,eb_91
cl_92,eb_92
cl_93,eb_93
cl_94,eb_94
cl_95,eb_95
cl_96,eb_96
cl_97,eb_97
cl_98,eb_98
cl_99,eb_99
cl_100,eb_100
cl_101,eb_101
cl_102,eb_102
cl_103,eb_103
cl_104,eb_104
cl_105,eb_105
cl_106,eb_106
cl_107,eb_107
cl_108,eb_108
cl_109,eb_109
cl_110,eb_110
cl_111,eb_111
cl_112,eb_112
cl_113,eb_113
cl_114,eb_114
cl_115,eb_115
cl_116,eb_116
cl_117,eb_117
cl_118,eb_118
cl_119,eb_119
cl_120,eb_120
cl_121,eb_121
cl_122,eb_122
cl_123,eb_123
cl_124,eb_124
cl_125,eb_125
cl_126,eb_126
cl_127,eb_127
cl_128,eb_128
cl_129,eb_129
cl_130,eb_130
cl_131,eb_131
cl_132,eb_132
cl_133,eb_133
cl_134,eb_134
cl_135,eb_135
cl_136,eb_136
cl_137,eb_137
cl_138,eb_138
cl_139,eb_139
cl_140,eb_140
cl_141,eb_141
cl_142,eb_142
cl_143,eb_143
cl_144,eb_144
cl_145,eb_145
cl_146,eb_146
cl_147,eb_147
cl_148,eb_148
cl_149,eb_149
